employee_id,name,title,date_hired,location
1,Employee 1,Manager,1/31/2015,New York
2,Employee 2,Salesman,2/28/2015,Chicago
3,Employee 3,Manager,3/31/2015,Miami
4,Employee 4,Salesman,4/30/2015,Los Angeles
5,Employee 5,Salesman,5/31/2015,Houston
6,Employee 6,Salesman,6/30/2015,Chicago
7,Employee 7,Salesman,7/31/2015,Miami
8,Employee 8,Manager,8/31/2015,Miami
9,Employee 9,Manager,9/30/2015,Chicago
10,Employee 10,Manager,10/31/2015,Houston
11,Employee 11,Salesman,11/30/2015,Houston
12,Employee 12,Manager,12/31/2015,Los Angeles
13,Employee 13,Manager,1/31/2016,Los Angeles
14,Employee 14,Manager,2/29/2016,Los Angeles
15,Employee 15,Finance Officer,3/31/2016,Miami
16,Employee 16,Salesman,4/30/2016,Chicago
17,Employee 17,Manager,5/31/2016,Los Angeles
18,Employee 18,Manager,6/30/2016,Miami
19,Employee 19,Salesman,7/31/2016,Chicago
20,Employee 20,Salesman,8/31/2016,New York
21,Employee 21,Finance Officer,9/30/2016,Chicago
22,Employee 22,Finance Officer,10/31/2016,New York
23,Employee 23,Manager,11/30/2016,Chicago
24,Employee 24,Finance Officer,12/31/2016,Chicago
25,Employee 25,Salesman,1/31/2017,Miami
26,Employee 26,Finance Officer,2/28/2017,New York
27,Employee 27,Finance Officer,3/31/2017,New York
28,Employee 28,Manager,4/30/2017,Los Angeles
29,Employee 29,Finance Officer,5/31/2017,Houston
30,Employee 30,Salesman,6/30/2017,Los Angeles
31,Employee 31,Salesman,7/31/2017,Houston
32,Employee 32,Manager,8/31/2017,New York
33,Employee 33,Manager,9/30/2017,New York
34,Employee 34,Manager,10/31/2017,Miami
35,Employee 35,Finance Officer,11/30/2017,Chicago
36,Employee 36,Manager,12/31/2017,Chicago
37,Employee 37,Manager,1/31/2018,Miami
38,Employee 38,Salesman,2/28/2018,New York
39,Employee 39,Manager,3/31/2018,New York
40,Employee 40,Manager,4/30/2018,Los Angeles
41,Employee 41,Finance Officer,5/31/2018,Chicago
42,Employee 42,Manager,6/30/2018,Houston
43,Employee 43,Salesman,7/31/2018,Chicago
44,Employee 44,Salesman,8/31/2018,Los Angeles
45,Employee 45,Finance Officer,9/30/2018,Houston
46,Employee 46,Finance Officer,10/31/2018,Miami
47,Employee 47,Manager,11/30/2018,Chicago
48,Employee 48,Manager,12/31/2018,New York
49,Employee 49,Manager,1/31/2019,New York
50,Employee 50,Finance Officer,2/28/2019,Los Angeles
51,Employee 51,Manager,3/31/2019,Chicago
52,Employee 52,Finance Officer,4/30/2019,Chicago
53,Employee 53,Manager,5/31/2019,Los Angeles
54,Employee 54,Manager,6/30/2019,Miami
55,Employee 55,Finance Officer,7/31/2019,Houston
56,Employee 56,Salesman,8/31/2019,New York
57,Employee 57,Finance Officer,9/30/2019,Chicago
58,Employee 58,Finance Officer,10/31/2019,Los Angeles
59,Employee 59,Finance Officer,11/30/2019,Chicago
60,Employee 60,Finance Officer,12/31/2019,Chicago
61,Employee 61,Manager,1/31/2020,Houston
62,Employee 62,Finance Officer,2/29/2020,Chicago
63,Employee 63,Salesman,3/31/2020,Chicago
64,Employee 64,Finance Officer,4/30/2020,Houston
65,Employee 65,Salesman,5/31/2020,Miami
66,Employee 66,Salesman,6/30/2020,Houston
67,Employee 67,Manager,7/31/2020,Miami
68,Employee 68,Finance Officer,8/31/2020,Los Angeles
69,Employee 69,Salesman,9/30/2020,Houston
70,Employee 70,Manager,10/31/2020,Chicago
71,Employee 71,Manager,11/30/2020,Chicago
72,Employee 72,Finance Officer,12/31/2020,Miami
73,Employee 73,Finance Officer,1/31/2021,New York
74,Employee 74,Salesman,2/28/2021,Miami
75,Employee 75,Finance Officer,3/31/2021,Miami
76,Employee 76,Manager,4/30/2021,New York
77,Employee 77,Salesman,5/31/2021,New York
78,Employee 78,Salesman,6/30/2021,Houston
79,Employee 79,Finance Officer,7/31/2021,Miami
80,Employee 80,Manager,8/31/2021,Los Angeles
81,Employee 81,Manager,9/30/2021,Los Angeles
82,Employee 82,Finance Officer,10/31/2021,Los Angeles
83,Employee 83,Salesman,11/30/2021,Miami
84,Employee 84,Salesman,12/31/2021,Los Angeles
85,Employee 85,Manager,1/31/2022,Chicago
86,Employee 86,Salesman,2/28/2022,Chicago
87,Employee 87,Manager,3/31/2022,Chicago
88,Employee 88,Manager,4/30/2022,Los Angeles
89,Employee 89,Finance Officer,5/31/2022,Chicago
90,Employee 90,Finance Officer,6/30/2022,Los Angeles
91,Employee 91,Finance Officer,7/31/2022,Los Angeles
92,Employee 92,Manager,8/31/2022,Chicago
93,Employee 93,Salesman,9/30/2022,Chicago
94,Employee 94,Salesman,10/31/2022,Chicago
95,Employee 95,Manager,11/30/2022,New York
96,Employee 96,Salesman,12/31/2022,Houston
97,Employee 97,Finance Officer,1/31/2023,New York
98,Employee 98,Salesman,2/28/2023,Miami
99,Employee 99,Manager,3/31/2023,Los Angeles
100,Employee 100,Manager,4/30/2023,New York
